Number,Device_ID,Install_ID
1,7530305186024932880,7530305942568290065
2,7530305346624079377,7530305928975222545
3,7530305249497417233,7530305952198952720
4,7530305137060513296,7530305957751801617
5,7530305303192389121,7530305971391498000
6,7530305099298588167,7530306010058835720
7,7530305127601948167,7530306006254978834
8,7530305071394391570,7530306014932813575
9,7530305244254094864,7530306006485583632
10,7530305208716428817,7530306024553907984
11,7530305056466683399,7530306045818930962
12,7530305303192749569,7530306033835820801
13,7530305234020386305,7530306040408508161
14,7530304960518637063,7530306053147150087
15,7530305052289943048,7530306065214195464
16,7530305034694067730,7530306083315877640
17,7530304876758713863,7530306067739215624
18,7530304925705537032,7530306095106524946
19,7530305346632795649,7530306078153377552
20,7530304960518850055,7530306082671134482
21,7530304992135431687,7530306118296307474
22,7530305020438103570,7530306095657010962
23,7530305368804689425,7530306079798068993
24,7530305248202098192,7530306110395025169
25,7530305177384306194,7530306133815920391
26,7530305076658652679,7530306131274876680
27,7530305346633106945,7530306112865502992
28,7530305376772802066,7530306153193604871
29,7530305247294621191,7530306147464398610
30,7530305076658832903,7530306168532240146
31,7530305478107186704,7530306150324684561
32,7530305174524397064,7530306190665008903
33,7530305470343759376,7530306178820392720
34,7530305116571715090,7530306184659814162
35,7530305245089891841,7530306184025343760
36,7530305177384633874,7530306215503857415
37,7530305183919080978,7530306206256088839
38,7530305163497244178,7530306207439374098
39,7530305478107645456,7530306204255176449
40,7530305247294981639,7530306241672038152
41,7530305311820416530,7530306233905071879
42,7530305330316985874,7530306251860281095
43,7530305152596493831,7530306237202106130
44,7530305352898725394,7530306257035888402
45,7530305109303461384,7530306266951468807
46,7530305331671565831,7530306261491418887
47,7530305292983633416,7530306291840173831
48,7530305357319702023,7530306302238000914
49,7530305247295309319,7530306303382816520
50,7530305364215203336,7530306299528627986
51,7530305240362616328,7530306305043564306
52,7530305249304495634,7530306334072309512
53,7530305490921915905,7530306306675246864
54,7530305345496401415,7530306323981731602
55,7530305372268824082,7530306333989029650
56,7530305558474786305,7530306307812394753
57,7530305586593809936,7530306307758655249
58,7530305248251708935,7530306350636074759
59,7530305590364096001,7530306337839564545
60,7530305453815039504,7530306360672896769
61,7530305624891360769,7530306334644209409
62,7530305163556488722,7530306393996904199
63,7530305193973712392,7530306391828514578
64,7530305512920860177,7530306376007337745
65,7530305360054978066,7530306390872442631
66,7530305345496761863,7530306413814859527
67,7530305512920991249,7530306376008140561
68,7530305563792606738,7530306422316779282
69,7530305330317837842,7530306439174047506
70,7530305611705402897,7530306402352514832
71,7530305654629451265,7530306414616512257
72,7530305643640505857,7530306407964804880
73,7530305342955423239,7530306449759880967
74,7530305508960749074,7530306457930925831
75,7530305574170478096,7530306448631596801
76,7530305382729729544,7530306447563261714
77,7530305697369327105,7530306454709372689
78,7530305462002288135,7530306483872777991
79,7530305405647324680,7530306485223900935
80,7530305459170477586,7530306503463454472
81,7530305459170559506,7530306515510265608
82,7530305701056513537,7530306473613838081
83,7530305527163864594,7530306527648515858
84,7530305297463920135,7530306538523789064
85,7530305322910500359,7530306546593515271
86,7530305719767025153,7530306492110849809
87,7530305395195495943,7530306559071635207
88,7530305801987524113,7530306501497669392
89,7530305842718475792,7530306544580282129
90,7530305823835424273,7530306522678904592
91,7530305636321183239,7530306565284169479
92,7530305607971702279,7530306586007471880
93,7530305671536297479,7530306578228397842
94,7530305580381570578,7530306578395006738
95,7530305931042014737,7530306543944124176
96,7530305535104026120,7530306589636511495
97,7530305859478636033,7530306569155905297
98,7530305958925567489,7530306583713728257
99,7530305725780887047,7530306614387230482
100,7530305747113182727,7530306625216759570